,Title,Earliest Semester Takeable,Prereqs,Coreqs,Exclusions,Notes,Semesters Available,Raw Prereqs
APM236H1,Applications of Linear Programming,"(1, 'Winter')!!",,,,,"Fall!!,Winter!!",MAT221H1/ MAT223H1/ MAT223H5/ MATA22H3/ MATA23H3/ MAT240H1/ MAT240H5
APM306Y1,Mathematics and Law,"(2, 'Fall-Winter')",,,,,Fall-Winter,"MAT133Y1/ MAT135H1/ MAT135H5/ MAT136H1/ MAT136H5/ MAT137Y1/ MAT137Y5/ (MAT137H5, MAT139H5)/ MAT157Y1/ MAT157Y5/ (MAT157H5, MAT159H5), MAT221H1/ MAT223H1/ MAT240H1"
APM346H1,Partial Differential Equations,"(3, 'Fall')!!",(MAT244H1/MAT267H1),,MAT351Y1,,"Fall!!,Winter!!","MAT235Y1/ MAT235Y5/ (MAT232H5, MAT236H5)/ (MATB41H3, MATB42H3)/ MAT237Y1/ MAT237Y5/ MAT257Y1, (MAT244H1/ MATB44H3/ MAT244H5/ MAT267H1)"
APM348H1,Mathematical Modelling,"(2, 'Winter')!!",MAT244H1;(STA237H1/STA247H1(unaccounted)/STA257H1/MAT377H1),,MAT482H1,,Winter!!,"MAT244H1/MAT267H1, MAT224H1/MAT247H1, STA237H1/STA247H1/STA257H1/MAT377H1"
APM421H1,Mathematical Foundations of Quantum Mechanics and Quantum Information Theory,"(4, 'Fall')",(MAT337H1)/MAT357H1,,,,Fall,"(MAT224H1/MAT247H1, MAT337H1)/ MAT357H1"
APM426H1,General Relativity,"(3, 'Winter')",MAT363H1,,,,Winter,MAT363H1/MAT367H1
APM441H1,Asymptotic and Perturbation Methods,"(4, 'Fall')",(APM346H1/MAT351Y1);(MAT334H1/MAT354H1),,,,Fall,"APM346H1/MAT351Y1, MAT334H1/MAT354H1"
APM446H1,Applied Nonlinear Equations,"(3, 'Winter')!!",APM346H1,,,,Winter!!,APM346H1/MAT351Y1
APM461H1,Combinatorial Methods,"(2, 'Winter')!!",MAT301H1,,,,Winter!!,"MAT224H1/ MAT247H1, MAT137Y1/ MAT137Y5/ (MAT137H5, MAT139H5)/ MAT157Y1/ MAT157Y5/ (MAT157H5, MAT159H5), MAT301H1/ MAT347Y1"
APM462H1,Nonlinear Optimization,"(3, 'Fall')!!",,,,,"Fall!!,Winter!!","(MAT223H1,MAT224H1) /MAT247H1, MAT235Y1/MAT237Y1/MAT257Y1"
APM466H1,Mathematical Theory of Finance,"(3, 'Winter')!!",APM346H1;STA347H1,STA457H1,,,Winter!!,"APM346H1, STA347H1"
APM496H1,Independent Readings in Applied Mathematics,"(1, 'Winter')",,,,Note: Need undergrad chair permission,"Fall,Winter",minimum GPA 3.5 for APM and MAT courses. Permission of the Associate Chair for Undergraduate Studies and of the prospective supervisor
CSC108H1,Introduction to Computer Programming,"(1, 'Winter')",,,"CSC110Y1,CSC111H1,CSC120H1,CSC121H1,CSC148H1",,"Fall!!,Winter",
CSC110Y1,Foundations of Computer Science I,"(0, 'Fall')!!",,,"CSC108H1,CSC148H1,CSC165H1",,Fall!!,
CSC111H1,Foundations of Computer Science II,"(1, 'Winter')!!",,,"CSC108H1,CSC148H1,CSC165H1",,Winter!!,CSC110Y1 (70% or higher)
CSC148H1,Introduction to Computer Science,"(2, 'Fall')!!",CSC108H1,,"CSC111H1,CSC207H1",(equivalent programming experience),"Fall!!,Winter!!",CSC108H1/ (equivalent programming experience)
CSC165H1,Mathematical Expression and Reasoning for Computer Science,"(1, 'Winter')!!",,CSC108H1/CSC120H1(unaccounted),"CSC111H1,CSC236H1,CSC240H1",(equivalent programming experience),Winter!!,
CSC194H1,Impactful Video Game Design,"(2, 'Fall')!!",,,,,Fall!!,
CSC196H1,Great Ideas in Computing,"(1, 'Winter')!!",,,,,Winter!!,
CSC199H1,"Intelligence, Artificial and Human","(2, 'Fall')!!",,,SMC199H1,,Fall!!,
CSC207H1,Software Design,"(2, 'Fall')",,,,,Fall,60% or higher in CSC148H1/ 60% or higher in CSC111H1
CSC209H1,Software Tools and Systems Programming,"(2, 'Winter')",CSC207H1,,"CSC372H1,CSC369H1,CSC469H1",,"Fall!!,Winter",CSC207H1/ CSC207H5/ CSCB07H3
CSC236H1,Introduction to the Theory of Computation,"(2, 'Fall')!!",,,CSC240H1,,Fall!!,"(60% or higher in CSC148H1, 60% or higher in CSC165H1) / (60% or higher in CSC111H1)"
CSC240H1,Enriched Introduction to the Theory of Computation,"(1, 'Winter')!!",,MAT137Y1,"CSC236H1,CSC263H1,CSC265H1","Uncleanable string: ""CSC110Y1 (with a minimum mark of at least 70%) / CSC165H1 (with a minimum mark of at least 85%) / students with a strong mathematical background who have not completed CSC110Y1 or CSC165H1 may enrol in CSC240H1 as an enriched alternative to CSC165H1""Uncleanable string: ""Corequisite: CSC111H1/ CSC148H1; MAT137Y1/ MAT157Y1. MAT135H1 and MAT136H1 do not provide appropriate preparation for CSC240H1. Students with programming experience equivalent to CSC111H1/ CSC148H1 or who have completed math courses equivalent to MAT137Y1/ MAT157Y may apply for a corequisite waiver.""",Winter!!,CSC110Y1 (with a minimum mark of at least 70%) / CSC165H1 (with a minimum mark of at least 85%) / students with a strong mathematical background who have not completed CSC110Y1 or CSC165H1 may enrol in CSC240H1 as an enriched alternative to CSC165H1
CSC258H1,Computer Organization,"(2, 'Fall')",,,,,"Fall,Winter!!","(60% or higher in (CSC148H1/ CSC148H5/ CSCA48H3), 60% or higher in (CSC165H1/ CSC240H1/ MAT102H5/ MATA67H3/ CSCA67H3))/ 60% or higher in CSC111H1"
CSC263H1,Data Structures and Analysis,"(2, 'Winter')!!",(STA237H1/STA247H1(unaccounted)/STA257H1/ECE302H1(unaccounted)/STA286H1(unaccounted)/CHE223H1(unaccounted)/CME263H1(unaccounted)/MIE231H1(unaccounted)/MIE236H1(unaccounted)/MSE238H1(unaccounted)/STA286H1(unaccounted)),,CSC265H1,,"Fall,Winter!!",CSC236H1/ ​CSC240H1/ CSC236H5/ CSCB36H3/ APS105H1/ APS106H1/ ESC180H1; STA237H1/ STA247H1/ ​STA255H1/ ​STA257H1/ STAB57H3/ STAB52H3/ ECE302H1/ STA286H1/ CHE223H1/ CME263H1/ MIE231H1/ MIE236H1/ MSE238H1/ STA286H1
CSC265H1,Enriched Data Structures and Analysis,"(2, 'Fall')",,,CSC263H1,"Uncleanable string: ""CSC240H1 (with a minimum mark of 70%)/ (CSC236H1 (with a minimum mark of 85%), MAT377H1/ STA237H1/ STA247H1/ STA255H1/ STA257H1). Notes: Students who have completed CSC240H1 must enrol in MAT377H1/ STA237H1/ STA247H1/ STA255H1/ STA257H1 concurrently with CSC265H1, if they have not already completed one of those courses. Students who have completed additional 200- or 300-level Mathematics courses may submit a prerequisite waiver request for permission to complete the statistics requirement as a co-requisite or to consider other courses as appropriate preparation for CSC265H1.""",Fall,"CSC240H1 (with a minimum mark of 70%)/ (CSC236H1 (with a minimum mark of 85%), MAT377H1/ STA237H1/ STA247H1/ STA255H1/ STA257H1). Notes: Students who have completed CSC240H1 must enrol in MAT377H1/ STA237H1/ STA247H1/ STA255H1/ STA257H1 concurrently with CSC265H1, if they have not already completed one of those courses. Students who have completed additional 200- or 300-level Mathematics courses may submit a prerequisite waiver request for permission to complete the statistics requirement as a co-requisite or to consider other courses as appropriate preparation for CSC265H1."
CSC299H1,Research Opportunity Program,"(2, 'Fall')",,,,,Fall,
CSC299Y1,Research Opportunity Program,"(2, 'Fall-Winter')",,,,,Fall-Winter,
CSC300H1,Computers and Society,"(1, 'Winter')!!",,,,Prereq: ,"Fall!!,Winter!!",0.5 credit in CSC
CSC301H1,Introduction to Software Engineering,"(3, 'Fall')!!",CSC209H1;(CSC263H1/CSC265H1),,,,"Fall!!,Winter!!","CSC209H1, CSC263H1/CSC265H1"
CSC309H1,Programming on the Web,"(3, 'Fall')!!",CSC209H1/ESC180H1(unaccounted)/ESC190H1(unaccounted)/CSC190H1(unaccounted)/(APS105H1(unaccounted);ECE244H1(unaccounted)),,,,"Fall!!,Winter!!","CSC209H1/ CSC209H5/ CSCB09H3/ ESC180H1/ ESC190H1/ CSC190H1/ (APS105H1, ECE244H1)"
CSC311H1,Introduction to Machine Learning,"(2, 'Winter')!!",(CSC207H1/APS105H1(unaccounted)/APS106H1(unaccounted)/ESC180H1(unaccounted)/CSC180H1(unaccounted));(MAT136H1/MAT291H1(unaccounted)/MAT294H1(unaccounted)/MAT187H1(unaccounted)/MAT195H1/ESC195H1(unaccounted));(STA237H1/STA247H1(unaccounted)/STA257H1/STA286H1(unaccounted)/CHE223H1(unaccounted)/CME263H1(unaccounted)/MIE231H1(unaccounted)/MIE236H1(unaccounted)/MSE238H1(unaccounted)/ECE286H1(unaccounted)),,"CSC411H1,STA314H1,ECE421H1","Uncleanable string: ""CSC207H1/ APS105H1/ APS106H1/ ESC180H1/ CSC180H1; MAT235Y1/​ MAT237Y1/​ MAT257Y1/​ (minimum of 77% in MAT135H1 and MAT136H1)/ (minimum of 73% in MAT137Y1)/ (minimum of 67% in MAT157Y1)/ MAT291H1/ MAT294H1/ (minimum of 77% in MAT186H1, MAT187H1)/ (minimum of 73% in MAT194H1, MAT195H1)/ (minimum of 73% in ESC194H1, ESC195H1); MAT223H1/ MAT240H1/ MAT185H1/ MAT188H1; STA237H1/ STA247H1/ STA255H1/ STA257H1/ STA286H1/ CHE223H1/ CME263H1/ MIE231H1/ MIE236H1/ MSE238H1/ ECE286H1""","Fall!!,Winter!!","CSC207H1/ APS105H1/ APS106H1/ ESC180H1/ CSC180H1; MAT235Y1/​ MAT237Y1/​ MAT257Y1/​ (minimum of 77% in MAT135H1 and MAT136H1)/ (minimum of 73% in MAT137Y1)/ (minimum of 67% in MAT157Y1)/ MAT291H1/ MAT294H1/ (minimum of 77% in MAT186H1, MAT187H1)/ (minimum of 73% in MAT194H1, MAT195H1)/ (minimum of 73% in ESC194H1, ESC195H1); MAT223H1/ MAT240H1/ MAT185H1/ MAT188H1; STA237H1/ STA247H1/ STA255H1/ STA257H1/ STA286H1/ CHE223H1/ CME263H1/ MIE231H1/ MIE236H1/ MSE238H1/ ECE286H1"
CSC316H1,Data Visualization: Foundations and Advanced Programming,"(2, 'Winter')!!",CSC207H1,,,,Winter!!,CSC207H1
CSC317H1,Computer Graphics,"(3, 'Fall')",,,CSC418H1,,Fall,"MAT235Y1/ MAT237Y1/ MAT257Y1/ MAT291H1/ MAT292H1/ MAT294H1/ (MAT232H5/ MAT233H5, MAT236H5)/ (MATB41H3, MATB42H3); MAT223H1/ MAT240H1/ MAT223H5/ MATA22H3/ MAT185H1/ MAT188H1; CSC209H1/ CSC209H5/ CSCB09H3/ proficiency in C or C++/ APS105H1/ ESC180H1/ CSC180H1"
CSC318H1,The Design of Interactive Computational Media,"(1, 'Winter')!!",ESC180H1(unaccounted)/ESC190H1(unaccounted)/APS105H1(unaccounted)/APS106H1(unaccounted),,,"Prereq: Uncleanable string: ""Any 0.5 credit in CSC/ ESC180H1/ ESC190H1/ APS105H1/ APS106H1""","Fall!!,Winter!!",Any 0.5 credit in CSC/ ESC180H1/ ESC190H1/ APS105H1/ APS106H1
CSC320H1,Introduction to Visual Computing,"(2, 'Winter')!!",(CSC265H1/ECE345H1(unaccounted)/ECE358H1(unaccounted)/MIE335H1(unaccounted)),,,,"Fall,Winter!!","CSC263H1/ CSC265H1/ ECE345H1/ ECE358H1/ MIE335H1, MAT223H1/ MAT240H1/ MAT185H1/ MAT188H1, ( MAT136H1 with a minimum mark of 77)/ (MAT137Y1 with a minimum mark of 73)/ (MAT157Y1 with a minimum mark of 67)/ MAT235Y1/ MAT237Y1/ MAT257Y1/ MAT291H1/ MAT292H1"
CSC324H1,Principles of Programming Languages,"(3, 'Fall')",CSC263H1/CSC265H1,,,,Fall,CSC263H1/CSC265H1
CSC336H1,Numerical Methods,"(2, 'Winter')!!",,,,,Winter!!,"CSC148H1/ CSC111H1; MAT133Y1(70%)/ (MAT135H1, MAT136H1)/ MAT135Y1/ MAT137Y1/ MAT157Y1, MAT223H1/ MAT240H1"
CSC343H1,Introduction to Databases,"(2, 'Winter')!!",(CSC207H1/ECE345H1(unaccounted)/ESC190H1(unaccounted)),,MIE253H1,,"Fall,Winter!!","CSC111H1/ CSC165H1/ ​CSC240H1/ ​(MAT135H1, MAT136H1)/ MAT135Y1/ MAT137Y1/ ​MAT157Y1/ (MAT186H1, MAT187H1)/ (MAT194H1, MAT195H1)/ (ESC194H1, ESC195H1); CSC207H1/ CSC207H5/ CSCB07H3/ ECE345H1/ ESC190H1"
CSC367H1,Parallel Programming,"(3, 'Winter')",CSC258H1;CSC209H1,,,,Winter,CSC258H1/ CSC258H5/ CSCB58H3; CSC209H1/ CSC209H5/ CSCB09H3 
CSC368H1,Computer Architecture,"(3, 'Winter')!!",CSC209H1;CSC258H1,,ECE552H1,,Winter!!,"CSC209H1, CSC258H1 "
CSC369H1,Operating Systems,"(3, 'Fall')!!",CSC209H1;CSC258H1,,,,"Fall!!,Winter!!",CSC209H1/ CSC209H5/ CSCB09H3; CSC258H1/ CSC258H5/ CSCB58H3
CSC373H1,"Algorithm Design, Analysis & Complexity","(2, 'Winter')",CSC265H1,,CSC375H1,,"Fall!!,Winter",CSC263H1/ CSC265H1 / CSC263H5/ CSCB63H3
CSC384H1,Introduction to Artificial Intelligence,"(2, 'Winter')!!",(CSC265H1/ECE345H1(unaccounted)/ECE358H1(unaccounted)/MIE245H1(unaccounted)/CSC148H1);(STA220H1/STA237H1/STA247H1(unaccounted)/STA257H1/ECE302H1(unaccounted)/STA286H1(unaccounted)/CHE223H1(unaccounted)/CME263H1(unaccounted)/MIE231H1(unaccounted)/MIE236H1(unaccounted)/MSE238H1(unaccounted)/ECE286H1(unaccounted)/PSY201H1(unaccounted)),,MIE369H1,"Prereq: 9.0 creditsUncleanable string: ""(CSC263H1/​ CSC265H1/ CSC263H5/ CSCB63H3/ ECE345H1/ ECE358H1/ MIE245H1/ (CSC148H1, enrolled in ASMAJ1446A, completed at least 9.0 credits), STA220H1/ STA237H1/ STA247H1/​ STA255H1/​ STA257H1/ STAB57H3/ STAB52H3/ ECE302H1/ STA286H1/ CHE223H1/ CME263H1/ MIE231H1/ MIE236H1/ MSE238H1/ ECE286H1/ PSY201H1)""","Fall!!,Winter!!","(CSC263H1/​ CSC265H1/ CSC263H5/ CSCB63H3/ ECE345H1/ ECE358H1/ MIE245H1/ (CSC148H1, enrolled in ASMAJ1446A, completed at least 9.0 credits), STA220H1/ STA237H1/ STA247H1/​ STA255H1/​ STA257H1/ STAB57H3/ STAB52H3/ ECE302H1/ STA286H1/ CHE223H1/ CME263H1/ MIE231H1/ MIE236H1/ MSE238H1/ ECE286H1/ PSY201H1)"
CSC399Y1,Research Opportunity Program,"(2, 'Fall-Winter')",,,,,Fall-Winter,
CSC401H1,Natural Language Computing,"(3, 'Fall')",(CSC207H1/CSC209H1/APS105H1(unaccounted)/APS106H1(unaccounted)/ESC180H1(unaccounted)/CSC180H1(unaccounted));(STA237H1/STA247H1(unaccounted)/STA255H1/STA257H1/ECE302H1(unaccounted)/STA286H1(unaccounted)/CHE223H1(unaccounted)/CME263H1(unaccounted)/MIE231H1(unaccounted)/MIE236H1(unaccounted)/MSE238H1(unaccounted)/ECE286H1(unaccounted)),,,,Fall,CSC207H1/ CSC209H1/ CSC207H5/ CSCB07H3/ CSC209H5/ CSCB09H3/ APS105H1/ APS106H1/ ESC180H1/ CSC180H1; STA237H1/ STA247H1/​ STA255H1/ ​STA257H1/ STAB57H3/ STAB52H3/ ECE302H1/ STA286H1/ CHE223H1/ CME263H1/ MIE231H1/ MIE236H1/ MSE238H1/ ECE286H1
CSC404H1,Introduction to Video Game Design,"(2, 'Fall')!!",CSC318H1/CSC417H1(unaccounted)/CSC418H1(unaccounted),,,,"Fall!!,Winter!!",CSC301H1/ CSC317H1/ CSC318H1/ CSC384H1/ CSC417H1/ CSC418H1/ CSC419H1
CSC410H1,Software Testing and Verification,"(3, 'Fall')",CSC207H1,,,,Fall,"CSC207H1, CSC236H1/CSC240H1"
CSC412H1,Probabilistic Learning and Reasoning,"(3, 'Winter')!!",CSC311H1/CSC411H1(unaccounted)/STA314H1/ECE421H1(unaccounted)/ROB313H1(unaccounted),,STA414H1,,Winter!!,CSC311H1/ CSC411H1/ STA314H1/ ECE421H1/ ROB313H1/ CSCC11H3/ CSC311H5
CSC413H1,Neural Networks and Deep Learning,"(3, 'Fall')!!",(CSC311H1/CSC411H1(unaccounted)/ECE421H1(unaccounted)/ROB313H1(unaccounted)),,"CSC321H1,CSC421H1",,"Fall!!,Winter!!","CSC311H1/​ CSC311H5/ CSCC11H3/ CSC411H1/ STA314H1/ ECE421H1/ ROB313H1/; MAT235Y1/​ MAT237Y1/​ MAT257Y1/ MAT257Y5/ MAT291H1/ MAT294H1/ AER210H1/ (MAT232H5, MAT236H5)/ (MAT233H5, MAT236H5)/ (MATB41H3, MATB42H3); MAT223H1/ MAT240H1/ MAT185H1/ MAT188H1/ MAT223H5/ MATA23H3"
CSC419H1,Geometry Processing,"(3, 'Winter')",,,,,Winter,MAT235Y1/ MAT237Y1/ MAT257Y1/ MAT291H1/ MAT294H1; MAT223H1/ MAT240H1/ MAT185H1/ MAT188H1; CSC209H1/ proficiency in C or C++/ APS105H1/ ESC180H1/ CSC180H1
CSC420H1,Introduction to Image Understanding,"(3, 'Fall')",(CSC265H1/ECE345H1(unaccounted)/ECE358H1(unaccounted)/MIE335H1(unaccounted));CSC311H1;CSC311H1,,,"Uncleanable string: ""For 2024-25: CSC263H1/ CSC265H1/ ECE345H1/ ECE358H1/ MIE335H1; (MAT135H1, MAT136H1)/ MAT137Y1/ MAT157Y1/ (MAT186H1, MAT187H1)/ (MAT194H1, MAT195H1)/ (ESC194H1, ESC195H1); MAT223H1/ MAT240H1/ MAT185H1/ MAT188H1  Beginning Fall 2025: CSC263H1/ CSC265H1/ ECE345H1/ ECE358H1/ MIE335H1; CSC311H1; CSC320H1. We encourage students interested in taking CSC420H1 in 2025-26 or beyond to include CSC263H1, CSC311H1 and CSC320H1 in their enrolment plans for 2024-25.""","Fall,Winter!!","For 2024-25: CSC263H1/ CSC265H1/ ECE345H1/ ECE358H1/ MIE335H1; (MAT135H1, MAT136H1)/ MAT137Y1/ MAT157Y1/ (MAT186H1, MAT187H1)/ (MAT194H1, MAT195H1)/ (ESC194H1, ESC195H1); MAT223H1/ MAT240H1/ MAT185H1/ MAT188H1  Beginning Fall 2025: CSC263H1/ CSC265H1/ ECE345H1/ ECE358H1/ MIE335H1; CSC311H1; CSC320H1. We encourage students interested in taking CSC420H1 in 2025-26 or beyond to include CSC263H1, CSC311H1 and CSC320H1 in their enrolment plans for 2024-25."
CSC428H1,Human-Computer Interaction,"(2, 'Winter')!!",CSC318H1;(STA237H1/STA247H1(unaccounted)/STA257H1/ECE302H1(unaccounted)/STA286H1(unaccounted)/CHE223H1(unaccounted)/CME263H1(unaccounted)/MIE231H1(unaccounted)/MIE236H1(unaccounted)/MSE238H1(unaccounted)/ECE286H1(unaccounted));(CSC207H1/APS105H1(unaccounted)/ESC180H1(unaccounted)/CSC180H1(unaccounted)),,,,"Fall!!,Winter!!",CSC318H1; STA237H1/ STA247H1/ ​STA255H1/ ​STA257H1/ ECE302H1/ STA286H1/ CHE223H1/ CME263H1/ MIE231H1/ MIE236H1/ MSE238H1/ ECE286H1; CSC207H1/ APS105H1/ ESC180H1/ CSC180H1
CSC443H1,Database System Technology,"(4, 'Fall')!!",CSC343H1;CSC369H1;(CSC373H1/CSC375H1(unaccounted)),,,,Fall!!,"CSC343H1, CSC369H1, CSC373H1/CSC375H1"
CSC446H1,Computational Methods for Partial Differential Equations,"(3, 'Winter')!!",(CSC351H1(unaccounted)/CSC336H1);(APM346H1/(MAT244H1/MAT267H1)),,,Note: can skip some prereqs with enough math experienceNote: Might need PDE exposure,Winter!!,CSC351H1/ (CSC336H1 (75%))/ equivalent mathematical background; MAT237Y1/ MAT257Y1; APM346H1/ MAT351Y1/ (MAT244H1/ MAT267H1 and exposure to PDEs)
CSC448H1,Formal Languages and Automata,"(2, 'Winter')!!",CSC265H1,,,,Winter!!,"CSC236H1/CSC240H1, CSC263H1/CSC265H1"
CSC454H1,The Business of Software,"(1, 'Winter')!!",,,,"Prereq: ('', '', 's', '', '-', ' or higher', '')",Winter!!,2.5 credits at the 300-level or higher
CSC457H1,Principles of Computer Networks,"(3, 'Winter')!!",CSC373H1;(STA247H1(unaccounted)/STA255H1/STA257H1/STA237H1),,,,Winter!!,"CSC373H1/ CSC373H5/ CSCC73H3, STA247H1/ STA255H1/ STA257H1/ STA237H1"
CSC458H1,Computer Networking Systems,"(3, 'Fall')!!",CSC209H1;CSC258H1;(CSC263H1/CSC265H1);(STA247H1(unaccounted)/STA255H1/STA257H1/STA237H1/ECO227Y1(unaccounted)),,,,"Fall!!,Winter!!","CSC209H1, CSC258H1, CSC263H1/ CSC265H1, STA247H1/ STA255H1/ STA257H1/ STA237H1/ ECO227Y1"
CSC463H1,Computational Complexity and Computability,"(2, 'Fall')!!",,,"CSC363H1,CSC365H1",,Fall!!,CSC236H1/ CSC240H1/ CSC236H5/ CSCB36H3
CSC465H1,Formal Methods in Software Design,"(2, 'Fall')",,,,,Fall,CSC236H1/ CSC240H1/ MAT309H1/ CSC236H5/ CSCB36H3
CSC485H1,Computational Linguistics,"(3, 'Fall')!!",(CSC209H1/APS105H1(unaccounted)/APS106H1(unaccounted)/ESC180H1(unaccounted)/CSC180H1(unaccounted));(STA237H1/STA247H1(unaccounted)/STA255H1/STA257H1/ECE302H1(unaccounted)/STA286H1(unaccounted)/CHE223H1(unaccounted)/CME263H1(unaccounted)/MIE231H1(unaccounted)/MIE236H1(unaccounted)/MSE238H1(unaccounted)/ECE286H1(unaccounted)),,,,Fall!!,CSC209H1/ APS105H1/ APS106H1/ ESC180H1/ CSC180H1; STA237H1/ STA247H1/​ STA255H1/ ​STA257H1/ ECE302H1/ STA286H1/ CHE223H1/ CME263H1/ MIE231H1/ MIE236H1/ MSE238H1/ ECE286H1
CSC486H1,Knowledge Representation and Reasoning,"(3, 'Fall')!!",CSC384H1/ROB311H1(unaccounted),,,,Fall!!,CSC384H1/ CSC384H5/ ROB311H1
CSC488H1,Compilers and Interpreters,"(3, 'Winter')!!",CSC258H1;CSC324H1;(CSC263H1/CSC265H1),,,,Winter!!,"CSC258H1/ CSC258H5/ CSCB58H3, CSC324H1/ CSC324H5/ CSCC24H3, CSC263H1/ CSC265H1/ CSC263H5/ CSCB63H3"
CSC490H1,Capstone Design Project,"(1, 'Winter')",,,,Prereq: 1.5 credits of 300+ level CSC courses,Winter,1.5 credits of 300+ level CSC courses.
CSC491H1,Capstone Design Project,"(1, 'Winter')!!",,CSC454H1,,"Uncleanable string: ""CSC454H1/ CSC2527H""",Winter!!,
CSC494H1,Computer Science Project,"(1, 'Winter')",,,,Prereq: 1.5 credits of 300+ level CSC courses,"Fall,Winter",1.5 credits of 300+ level CSC courses.
CSC494Y1,Computer Science Project,"(2, 'Fall-Winter')",,,,Prereq: 1.5 credits of 300+ level CSC courses,Fall-Winter,1.5 credits of 300+ level CSC courses.
CSC495H1,Computer Science Project,"(2, 'Fall')",CSC494H1,,,Prereq: 1.5 credits of 300+ level CSC courses,"Fall,Winter",CSC494H1. 1.5 credits of 300+ level CSC courses.
ENV237H1,Physics of the Changing Environment A,"(2, 'Winter')",(CHM136H1(unaccounted)/CHM138H1(unaccounted)/CHM135H1(unaccounted)/CHM139H1(unaccounted)/CHM151Y1(unaccounted)),,"ENV238H1,PHY131H1,PHY132H1,PHY151H1,PHY152H1",,Winter,"MAT135H1/MAT136H1/MAT137Y1/MAT157Y1/JMB170Y1, CHM136H1/CHM138H1/CHM135H1/CHM139H1/CHM151Y1"
ENV238H1,Physics of the Changing Environment B,"(2, 'Winter')",(CHM136H1(unaccounted)/CHM138H1(unaccounted)/CHM135H1(unaccounted)/CHM139H1(unaccounted)/CHM151Y1(unaccounted)),,ENV237H1,,Winter,"MAT135H1/MAT136H1/MAT137Y1/MAT157Y1/JMB170Y1, CHM136H1/CHM138H1/CHM135H1/CHM139H1/CHM151Y1, PHY131H1/PHY132H1/PHY151H1/PHY152H1"
JPE395H1,Physics of the Earth,"(3, 'Winter')",(MAT235Y1/MAT237Y1/MAT291H1(unaccounted)/AER210H1(unaccounted));(PHY254H1/PHY293H1(unaccounted)/MAT244H1/MAT267H1/MAT290H1(unaccounted)/MAT292H1(unaccounted)),,,,Winter,"PHY132H1/PHY152H1/PHY180H1/MIE100H1, MAT235Y1/MAT237Y1/MAT291H1/AER210H1, PHY254H1/PHY293H1/MAT244H1/MAT267H1/MAT290H1/MAT292H1"
JPE493H1,Seismology,"(4, 'Fall')",JPE395H1/JGA305H1(unaccounted),APM346H1,,,Fall,JPE395H1/JGA305H1
JPH441H1,Physical Science in Contemporary Society,"(3, 'Fall')",PHY224H1/PHY250H1/PHY252H1/PHY254H1/PHY256H1,,,Note: Can take with instructor permission,Fall,"PHY224H1/PHY250H1/PHY252H1/PHY254H1/PHY256H1, or by permission of the instructor."
JSC270H1,Data Science I,"(2, 'Winter')",STA257H1;CSC207H1,STA261H1,,,Winter,"STA257H1, CSC207H1"
JSC370H1,Data Science II,"(3, 'Winter')",JSC270H1;STA261H1;(CSC263H1/CSC265H1);STA302H1;CSC343H1,STA303H1/STA305H1,,,Winter,"JSC270H1, STA261H1, MAT237Y1/ MAT257Y1, CSC263H1/ CSC265H1/ CSC263H5/ CSCB63H3, STA302H1, CSC343H1/ CSC343H5/ CSCC43H3"
MAT133Y1,Calculus and Linear Algebra for Commerce,"(2, 'Fall-Winter')!!",,,,,Fall-Winter!!,High school level calculus
MAT135H1,Calculus I,"(1, 'Winter')",,,"APS162H1,APS163H1,ESC194H1,ESC195H1,MAT186H1,MAT187H1,MAT196H1,MAT197H1",,"Fall!!,Winter",High school level calculus
MAT136H1,Calculus II,"(2, 'Fall')!!",MAT135H1/APS162H1(unaccounted)/ESC194H1(unaccounted)/MAT186H1(unaccounted)/MAT196H1(unaccounted),,"APS163H1,ESC195H1,MAT187H1,MAT197H1",,"Fall!!,Winter!!",MAT135H1/ MAT135H5/ MATA30H3/ MATA31H3/ APS162H1/ ESC194H1/ MAT186H1/ MAT196H1
MAT137Y1,Calculus with Proofs,"(2, 'Fall-Winter')",,,,,Fall-Winter,High school level calculus
MAT138H1,Introduction to Proofs,"(2, 'Fall')",,,"MAT137Y1,MAT157Y1",,Fall,High school level calculus
MAT157Y1,Analysis I,"(1, 'Fall-Winter')",,,,,Fall-Winter,High school level calculus
MAT195H1,Mathematics as an Interdisciplinary Pursuit,"(1, 'Winter')",,,,,Winter,
MAT198H1,Cryptology: The Mathematics of Secrecy and Security,"(2, 'Fall')",,,,,Fall,High school level algebra.
MAT199H1,Aha! Mathematical Discovery and Creative Problem Solving,"(1, 'Winter')",,,,,Winter,High school level algebra
MAT223H1,Linear Algebra I,"(0, 'Fall')!!",,,"MAT224H1,MAT240H1,MAT247H1,MAT185H1,MAT188H1",,"Fall!!,Winter",High school level calculus
MAT224H1,Linear Algebra II,"(1, 'Winter')!!",,,,,"Fall!!,Winter!!",MAT221H1(80%)/MAT223H1/MAT223H5/ MATA22H3/ MATA23H3/ MAT240H1/MAT240H5
MAT235Y1,Multivariable Calculus,"(2, 'Fall-Winter')!!",,,"MAT237Y1,MAT291H1,MAT294H1",,Fall-Winter!!,"MAT133Y1/ MAT133Y5/ (MATA32H3, MATA33H3)/ (MAT135H1, MAT136H1)/ (MAT135H5, MAT136H5)/ (MATA30H3/ MATA31H3, MATA36H3/MATA37H3)/ MAT137Y1/ MAT137Y5/ (MAT137H5, MAT139H5)/ MAT157Y1/ MAT157Y5/ (MAT157H5, MAT159H5) "
MAT237Y1,Multivariable Calculus with Proofs,"(2, 'Fall-Winter')",,,,,Fall-Winter,"[MAT133Y1/ (MAT135H1, MAT136H1)/ (MAT135H5, MAT136H5)/ (MATA30H3/ MATA31H3, MATA36H3), MAT138H1/ MAT102H5/ MAT246H1]/ MAT137Y1/ MAT137Y5/ (MAT137H5, MAT139H5)/ (MATA30H3/ MATA31H3, MATA37H3)/ MAT157Y1/ MAT157Y5/ (MAT157H5, MAT159H5), MAT223H1/ MATA22H3/ MATA23H3/ MAT240H1/ MAT240H5"
MAT240H1,Algebra I,"(0, 'Fall')",,,,,Fall,High school level calculus
MAT244H1,Introduction to Ordinary Differential Equations,"(2, 'Fall')!!",,,"MAT292H1,MAT267H1",,"Fall!!,Winter!!","(MAT133Y1/ MAT135H1/ MAT135H5/ MATA35H3/ MATA30H3/ MATA31H3, MAT136H1/ MAT136H5/ MATA36H3/ MATA37H3)/ MAT135Y5/ MAT137Y1/ MAT137Y5/ (MAT137H5, MAT139H5)/ MAT157Y1/ MAT157Y5/ (MAT157H5, MAT159H5), MAT223H1/ MATA23H3/ MAT223H5/ MAT240H1/ MAT240H5"
MAT246H1,Concepts in Abstract Mathematics,"(2, 'Winter')!!",((MAT135H1;MAT136H1)),,MAT157Y1,,"Fall!!,Winter!!","MAT133Y1/ MAT133Y5/ (MATA32H3, MATA33H3)/ (MAT135H1, MAT136H1)/ (MAT135H5, MAT136H5)/ (MATA30H3/ MATA31H3, MATA36H3/ MATA37H3)/ MAT137Y1/ MAT137Y5/ (MAT137H5, MAT139H5), MAT223H1/ MATA22H3/ MATA23H3/ MAT240H1/ MAT240H5"
MAT247H1,Algebra II,"(1, 'Winter')!!",,,,,Winter!!,MAT240H1/ MAT240H5
MAT257Y1,Analysis II,"(2, 'Fall-Winter')",,,,,Fall-Winter,"MAT157Y1/ (MAT157H5, MAT159H5)/ MAT157Y5, MAT247H1/ MAT247H5"
MAT267H1,Advanced Ordinary Differential Equations,"(2, 'Winter')!!",,,"MAT234H1,MAT292H1",,Winter!!,"MAT157Y1/ (MAT157H5, MAT159H5)/ MAT157Y5, MAT247H1/ MAT247H5"
MAT271H1,Insights from Mathematics,"(2, 'Fall')",,,,,Fall,
MAT296H1,Independent Reading in Mathematics,"(1, 'Winter')",,,,Note: Need undergrad chair permission,"Fall,Winter",Minimum GPA of 3.5 in APM and MAT courses. Permission of the Associate Chair for Undergraduate Studies and of the prospective supervisor.
MAT301H1,Groups and Symmetries,"(2, 'Fall')!!",()/(MAT185H1(unaccounted);MAT194H1(unaccounted);MAT195H1),,MAT347Y1,,"Fall!!,Winter!!","MAT257Y1/ (MAT224H1/ MAT247H1, MAT235Y1/ MAT237Y1, MAT246H1/ MAT157Y1/ (MAT157H5, MAT159H5)/ MAT157Y5/ CSC236H1/ CSC240H1)/ (MAT185H1, MAT194H1, MAT195H1)"
MAT309H1,Introduction to Mathematical Logic,"(3, 'Fall')",,,CSC438H1,,Fall,"MAT257Y1/ [MAT223H1/ MATA23H3/ MAT223H5/ MAT240H1/ MAT240H5, MAT235Y1/ MAT235Y5/ (MAT232H5, MAT236H5)/ (MATB41H3, MATB42H3/ MATB43H3)/ MAT237Y1/ MAT237Y5, MAT246H1/ MAT157Y1/ (MAT157H5, MAT159H5)/ MAT157Y5/ CSC236H1/ CSC240H1]"
MAT315H1,Introduction to Number Theory,"(2, 'Fall')!!",,,,,"Fall!!,Winter!!","(MAT223H1/ MATA23H3/ MAT223H5/ MAT240H1/ MAT240H5, MAT235Y1/ MAT235Y5/ (MAT232H5, MAT236H5)/ (MATB41H3, MATB42H3)/ MAT237Y1/ (MATB41H3, MATB42H3, MATB43H3)/ MAT237Y5, MAT246H1/ CSC236H1/ CSC240H1)/ MAT157Y1/ MAT157Y5/ (MAT157H5, MAT159H5)/ MAT247H1/ MAT247H5"
MAT327H1,Introduction to Topology,"(2, 'Fall')!!",,,,,Fall!!,"MAT157Y1/ MAT157Y5/ (MAT157H5, MAT159H5)/ [(MAT237Y1/ (MATB41H3, MATB42H3/ MATB43H3)/ MAT237Y5), MAT246H1]"
MAT329Y1,Concepts in Elementary Mathematics,"(2, 'Fall-Winter')",,,,"Need 5.0 credits with a CGPA of at least 2.5, and",Fall-Winter,"5.0 credits with a CGPA of at least 2.5, and MAT137Y1/ MAT137Y5/ (MAT137H5, MAT139H5)/ MAT138H1/ (MAT223H1/ MAT240H1)/ [MAT246H1/ MAT157Y1/ MAT157Y5/ (MAT157H5, MAT159H5)] "
MAT332H1,Introduction to Graph Theory,"(2, 'Fall')!!",,,,,Fall!!,MAT224H1/MATB24H3/MAT224H5/MAT247H1/MAT247H5
MAT334H1,Complex Variables,"(3, 'Fall')!!",,,MAT354H1,,"Fall!!,Winter!!","MAT223H1/MATA23H3/MAT223H5/MAT240H1/MAT240H5, MAT235Y1/MAT235Y5/(MAT232H5, MAT236H5)/(MATB41H3, MATB42H3)/MAT237Y1/(MATB41H3, MATB42H3, MATB43H3)/MAT237Y5/MAT257Y1"
MAT335H1,"Chaos, Fractals and Dynamics","(2, 'Winter')",,,,,Winter,"MAT137Y1/ (MATA30H3, MATA31H3, MATA37H3)/ MAT137Y5/ (MAT137H5, MAT139H5)/ MAT157Y1/ MAT157Y5/ (MAT157H5, MAT159H5)/ MAT235Y1/ MAT235Y5/ (MAT232H5, MAT236H5)/ (MATB41H3, MATB42H3)/ MAT237Y1/ (MATB41H3, MATB42H3, MATB43H3)/ MAT237Y5, MAT223H1/ MATA23H3/ MAT223H5/ MAT240H1/ MAT240H5"
MAT336H1,Elements of Analysis,"(2, 'Winter')!!",((MAT185H1(unaccounted);(MAT195H1/ESC195H1(unaccounted)))),,"MAT257Y1,MAT337H1",,Winter!!,"MAT223H1/ MATA23H3/ MAT223H5/ MAT240H1/ MAT240H5, MAT235Y1/ MAT235Y5/ (MAT232H5, MAT236H5)/ (MATB41H3, MATB42H3)/ MAT237Y1/ (MATB41H3, MATB42H3, MATB43H3)/ MAT237Y5/ (MAT185H1, MAT195H1/ ESC195H1)"
MAT337H1,Introduction to Real Analysis,"(3, 'Fall')",,,MAT357H1,,"Fall,Winter!!","MAT257Y1/ [MAT224H1/ MATA24H3/ MAT224H5/ MAT247H1/ MAT247H5, MAT235Y1/ MAT235Y5/ (MAT232H5, MAT236H5)/ (MATB41H3, MATB42H3/ MATB43H3)/ MAT237Y1/ MAT237Y5, MAT246H1/ MAT157Y1]"
MAT344H1,Introduction to Combinatorics,"(1, 'Winter')!!",,,,,"Fall!!,Winter!!",MAT223H1/MATA23H3/MAT223H5/MAT240H1/MAT240H5
MAT347Y1,"Groups, Rings and Fields","(2, 'Fall-Winter')",,,,,Fall-Winter,MAT257Y1/(85% in MAT247H1/MAT247H5)
MAT351Y1,Partial Differential Equations,"(3, 'Fall-Winter')!!",MAT267H1,,APM351Y1,,Fall-Winter!!,"MAT257Y1/ MAT237Y1 (85%), MAT267H1"
MAT354H1,Complex Analysis I,"(3, 'Fall')!!",,,,,Fall!!,MAT257Y1
MAT357H1,Foundations of Real Analysis,"(3, 'Winter')",,,,,Winter,MAT257Y1
MAT363H1,Geometry of Curves and Surfaces,"(2, 'Winter')!!",,,,Note: ,Winter!!,"MAT224H1/ MATB24H3/ MAT224H5/ MAT247H1/ MAT247H5, MAT237Y1/ (MATB41H3, MATB42H3, MATB43H3)/ MAT237Y5/ MAT257Y1 (MAT257Y1 can be taken concurrently). For FASE students, MAT185H1, MAT194H1, MAT195H1, AER210H1."
MAT367H1,Differential Geometry,"(3, 'Winter')!!",,,,,Winter!!,"MAT257Y1/ [MAT224H1/ MAT247H1, MAT237Y1, MAT246H1/ MAT157Y1/ MAT157Y5/ (MAT157H5, MAT159H5)]"
MAT370H1,Introduction to Mathematical Probability,"(3, 'Fall')",MAT224H1;MAT246H1,,MAT377H1,,Fall,"MAT224H1/ MAT224H5, MAT235Y1/ (MAT232H5, MAT236H5)/ MAT237Y1/ MAT257Y1, MAT246H1"
MAT377H1,Mathematical Probability Theory,"(3, 'Fall')!!",,,"MAT370H1,STA347H1",,Fall!!,"MAT247H1/MAT247H5, MAT257Y1"
MAT390H1,History of Mathematics up to 1700,"(2, 'Fall')!!",,,"HPS309H1,HPS310Y1,HPS390H1","Prereq: ('', '', '', '', '-')",Fall!!,1.0 APM/MAT credit at the 200-level
MAT391H1,History of Mathematics after 1700,"(1, 'Winter')!!",,,"HPS309H1,HPS310H1,HPS391H1","Prereq: ('', '', '', '', ' ')",Winter!!,1.0 APM/MAT credit at the 200 level
MAT395H1,Independent Reading in Mathematics,"(1, 'Winter')",,,,Note: Need undergrad chair permission,"Fall,Winter",Minimum GPA of 3.5 in APM and MAT courses. Permission of the Associate Chair for Undergraduate Studies and of the prospective supervisor
MAT396H1,Independent Reading in Mathematics,"(1, 'Winter')",,,,Note: Need undergrad chair permission,"Fall,Winter,Fall-Winter",Minimum GPA of 3.5 in APM and MAT courses. Permission of the Associate Chair for Undergraduate Studies and of the prospective supervisor.
MAT397Y1,Research Project in Mathematics,"(2, 'Fall-Winter')",,,,Note: Need undergrad chair permission,Fall-Winter,Minimum GPA of 3.5 in APM and MAT courses. Permission of the Associate Chair for Undergraduate Studies and of the prospective supervisor.
MAT401H1,Polynomial Equations and Fields,"(2, 'Winter')",MAT301H1,,MAT347Y1,,Winter,MAT301H1
MAT402H1,Classical Geometries,"(3, 'Fall')",(MAT301H1/MAT347Y1),,,,Fall,"MAT301H1/MAT347Y1, MAT235Y1/MAT237Y1/MAT257Y1"
MAT403H1,Classical Geometries II,"(3, 'Winter')",(MAT301H1/MAT347Y1),,,,Winter,"MAT235Y1/ MAT237Y1/ MAT257Y1, MAT301H1/ MAT347Y1"
MAT409H1,Set Theory,"(4, 'Fall')",MAT357H1,,,,Fall,MAT357H1
MAT415H1,Algebraic Number Theory,"(3, 'Winter')",MAT347Y1,,,,Winter,MAT347Y1
MAT425H1,Differential Topology,"(3, 'Winter')",MAT327H1,,,,Winter,"MAT257Y1, MAT327H1"
MAT436H1,Introduction to Linear Operators,"(3, 'Fall')!!",,,,"Uncleanable string: ""5.0 MAT credits, including MAT224H1/MAT247H1 and MAT237Y1/MAT257Y1""",Fall!!,"5.0 MAT credits, including MAT224H1/MAT247H1 and MAT237Y1/MAT257Y1"
MAT437H1,K-Theory and C* Algebras,"(3, 'Winter')!!",,,,"Uncleanable string: ""5.0 MAT credits, including MAT224H1/MAT247H1 and MAT237Y1/MAT257Y1""",Winter!!,"5.0 MAT credits, including MAT224H1/MAT247H1 and MAT237Y1/MAT257Y1"
MAT445H1,Representation Theory,"(3, 'Winter')",MAT347Y1,,,,Winter,MAT347Y1
MAT449H1,Algebraic Curves,"(3, 'Winter')",MAT347Y1;MAT354H1,,,,Winter,"MAT347Y1, MAT354H1"
MAT454H1,Complex Analysis II,"(3, 'Winter')!!",MAT354H1,,,,Winter!!,MAT354H1
MAT457H1,Advanced Real Analysis I,"(4, 'Fall')",MAT357H1,,MAT457Y1,,Fall,MAT357H1
MAT458H1,Advanced Real Analysis II,"(4, 'Winter')!!",MAT457H1,,MAT457Y1,,Winter!!,MAT457H1
MAT461H1,Hamiltonian Mechanics,"(3, 'Winter')",(MAT244H1/MAT267H1);MAT337H1;APM346H1,,,,Winter,"MAT244H1/ MAT267H1, MAT337H1/ MAT367H1, APM346H1/ MAT351Y1"
MAT464H1,Riemannian Geometry,"(4, 'Fall')",MAT367H1,,,,Fall,MAT367H1
MAT475H1,Problem Solving Seminar,"(3, 'Fall')!!",,,,"Prereq: ('and ', 'at least ', '', '', '+ ', '', ' in APM/MAT')",Fall!!,"MAT224H1/MAT247H1, MAT235Y1/MAT237Y1/MAT257Y1, and at least 1.0 credit at the 300+ level in APM/MAT"
MAT477H1,Seminar in Mathematics,"(4, 'Fall')",MAT347Y1;MAT354H1;MAT357H1,,,,"Fall,Winter","MAT347Y1, MAT354H1, MAT357H1"
MAT482H1,Topics in Mathematics,"(2, 'Fall')",,,,Note: Possible topic-specific prereqsPrereq: s,Fall,"6.0 APM/MAT credits at the 100, 200 and 300-level. Possible additional topic-specific prerequisites."
MAT495H1,Independent Reading in Mathematics,"(1, 'Winter')",,,,Note: Need undergrad chair permission,"Fall,Winter",Minimum GPA of 3.5 in APM and MAT courses. Permission of the Associate Chair for Undergraduate Studies and of the prospective supervisor
MAT496H1,Independent Reading in Mathematics,"(1, 'Winter')",,,,Note: Need undergrad chair permission,"Fall,Winter",Minimum GPA of 3.5 in APM and MAT courses. Permission of the Associate Chair for Undergraduate Studies and of the prospective supervisor.
MAT497Y1,Research Project in Mathematics,"(2, 'Fall-Winter')",,,,Note: Need undergrad chair permission,Fall-Winter,Minimum GPA of 3.5 in APM and MAT courses. Permission of the Associate Chair for Undergraduate Studies and of the prospective supervisor
PHY100H1,The Magic of Physics,"(2, 'Fall')!!",,,"PHY196H1,PHY197H1,PHY198H1,PHY199H1,PHY202H1,PHY205H1,PHY207H1",,Fall!!,
PHY131H1,Introduction to Physics I,"(1, 'Winter')!!",,,PHY151H1,,"Fall!!,Winter!!",
PHY132H1,Introduction to Physics II,"(1, 'Winter')!!",,,PHY152H1,,Winter!!,PHY131H1/ PHY151H1
PHY151H1,Foundations of Physics I,"(0, 'Fall')",,,PHY131H1,,Fall,MCV4U Calculus & Vectors / MCB4U Functions & Calculus; SPH4U Physics
PHY152H1,Foundations of Physics II,"(0, 'Fall')",,,PHY132H1,,Winter!!,PHY131H1/PHY151H1/PHY180H1
PHY196H1,Emergence in Nature,"(1, 'Winter')!!",,,,,Winter!!,"No prior experience with physical science will be required, but familiarity with Grade 10 mathematics will be assumed."
PHY197H1,Modern Physics for the Curious,"(2, 'Fall')",,,,,Fall,"No prior experience with physical science will be required, but familiarity with Grade 10 mathematics will be assumed. "
PHY198H1,Physics at the Cutting Edge,"(1, 'Winter')!!",,,,,Winter!!,PHY151H1
PHY199H1,Dark Matter and Dark Energy are the New Black,"(1, 'Winter')!!",,,,,Winter!!,"No prior experience with physical science will be required, but familiarity with Grade 10 mathematics will be assumed."
PHY205H1,The Physics of Everyday Life,"(1, 'Winter')",,,"PHY196H1,PHY197H1,PHY198H1,PHY199H1,PHY100H1,PHY202H1,PHY207H1",,Winter,
PHY207H1,The Physics of Music,"(1, 'Winter')!!",,,"PHY196H1,PHY197H1,PHY198H1,PHY199H1,PHY100H1,PHY202H1,PHY205H1",,Winter!!,
PHY224H1,Practical Physics I,"(2, 'Fall')",,PHY231H1/PHY254H1/PHY256H1,,,"Fall,Winter!!","PHY131H1/ PHY151H1, PHY132H1/ PHY152H1, (MAT135H1, MAT136H1)/ MAT137Y1/ MAT157Y1"
PHY231H1,Physics of Living Systems,"(2, 'Fall')",,,,,Fall,"PHY131H1/ PHY151H1, PHY132H1/ PHY152H1, (MAT135H1, MAT136H1)/ MAT137Y1/ MAT157Y1"
PHY250H1,Electricity and Magnetism,"(2, 'Winter')!!",,,,,Winter!!,"PHY131H1/ PHY151H1, PHY132H1/ PHY152H1, (MAT135H1, MAT136H1)/ MAT137Y1/ MAT157Y1"
PHY252H1,Thermal Physics,"(2, 'Winter')!!",,,,,Winter!!,"PHY131H1/ PHY151H1, PHY132H1/ PHY152H1, (MAT135H1, MAT136H1)/ MAT137Y1/ MAT157Y1"
PHY254H1,Classical Mechanics,"(2, 'Fall')!!",,,,,Fall!!,"PHY131H1/ PHY151H1, PHY132H1/ PHY152H1, (MAT135H1, MAT136H1)/ MAT137Y1/ MAT157Y1"
PHY256H1,Introduction to Quantum Physics,"(2, 'Fall')!!",,,,,Fall!!,"PHY131H1/ PHY151H1, PHY132H1/ PHY152H1, (MAT135H1, MAT136H1)/ MAT137Y1/ MAT157Y1"
PHY299Y1,Research Opportunity Program,"(2, 'Fall-Winter')",,,,,Fall-Winter,
PHY324H1,Practical Physics II,"(2, 'Winter')",PHY224H1;(PHY231H1/PHY254H1/PHY256H1),,,,"Fall,Winter","PHY224H1, PHY231H1/ PHY250H1/ PHY252H1/ PHY254H1/ PHY256H1"
PHY331H1,Introduction to Biological Physics,"(3, 'Fall')",(PHY252H1/CHM222H1(unaccounted));(PHY231H1/PHY250H1/PHY254H1/PHY256H1),,,,Fall,"PHY252H1/ CHM222H1, PHY231H1/ PHY250H1/ PHY254H1/ PHY256H1"
PHY350H1,Electromagnetic Theory,"(3, 'Fall')!!",(MAT244H1/MAT267H1);PHY250H1,,,,Fall!!,"MAT223H1/ MAT240H1, MAT244H1/ MAT267H1, MAT235Y1/ MAT237Y1/ MAT257Y1, PHY250H1"
PHY354H1,Advanced Classical Mechanics,"(3, 'Winter')!!",(MAT244H1/MAT267H1);PHY254H1,,,,Winter!!,"MAT223H1/ MAT240H1, MAT244H1/ MAT267H1, MAT235Y1/ MAT237Y1/ MAT257Y1, PHY254H1"
PHY356H1,Quantum Mechanics I,"(3, 'Fall')!!",PHY250H1;(PHY256H1/(CHM222H1(unaccounted);CHM223H1(unaccounted)));PHY256H1,MAT244H1,CHM326H1,,Fall!!,"MAT223H1/ MAT240H1, MAT235Y1/ MAT237Y1/ MAT257Y1, PHY250H1, PHY256H1/ (CHM222H1, CHM223H1), (PHY256H1 recommended)"
PHY357H1,Nuclear and Particle Physics,"(3, 'Winter')",PHY356H1,,,,Winter,PHY356H1
PHY358H1,Quantum Materials: from Atoms to Crystals,"(3, 'Winter')",PHY356H1,,,,Winter,PHY356H1
PHY365H1,Quantum Information,"(2, 'Winter')",(PHY256H1/PHY294H1(unaccounted)/CHM223H1(unaccounted)/ECE330H1(unaccounted)),,,Note:  can contact department for prereq exemptions(.),Winter,"PHY256H1/ PHY294H1/ CHM223H1/ ECE330H1, MAT223H1/ MAT240H1 (Students who do not meet these prerequisites are encouraged to contact the Department.)"
PHY371Y1,Supervised Study in Physics,"(2, 'Fall-Winter')",,,,Note: Need undergrad chair permission,Fall-Winter,Consult the Physics Associate Chair (Undergraduate Studies)
PHY372H1,Supervised Study in Physics,"(1, 'Winter')",,,,Note: Need undergrad chair permission,"Fall,Winter",Consult the Physics Associate Chair (Undergraduate Studies)
PHY378H1,Undergraduate Research Project,"(1, 'Winter')",,,,Note: Need undergrad chair permission,"Fall,Winter",Consult the Physics Associate Chair (Undergraduate Studies)
PHY379Y1,Undergraduate Research Project,"(2, 'Fall-Winter')",,,,Note: Need undergrad chair permission,Fall-Winter,Consult the Physics Associate Chair (Undergraduate Studies)
PHY385H1,Introductory Optics,"(3, 'Winter')!!",PHY250H1;PHY224H1,,ECE318H1,,Winter!!,"PHY250H1, PHY224H1, MAT235Y1/ MAT237Y1/ MAT257Y1"
PHY392H1,Physics of Climate,"(3, 'Fall')",(PHY250H1/PHY252H1),,,,Fall,"PHY250H1/PHY252H1, MAT235Y1/MAT237Y1/MAT257Y1"
PHY405H1,Electronics Lab,"(2, 'Winter')!!",PHY224H1,,,"Uncleanable string: ""PHY224H1, PHY250H1. Note that PHY405H1 may be taken in third or fourth year.""",Winter!!,"PHY224H1, PHY250H1. Note that PHY405H1 may be taken in third or fourth year."
PHY407H1,Computational Physics,"(3, 'Fall')!!",PHY224H1;(PHY250H1/PHY252H1/PHY254H1/PHY256H1),,,"Uncleanable string: ""Any 300/ 400-level lecture course in Physics (PHY/ JPE)""",Fall!!,"PHY224H1, PHY250H1/ PHY252H1/ PHY254H1/ PHY256H1, MAT235Y1/ MAT237Y1/ MAT257Y1"
PHY408H1,Time Series Analysis,"(3, 'Winter')!!",PHY224H1;(PHY250H1/PHY252H1/PHY254H1/PHY256H1),,,"Uncleanable string: ""Any 300/ 400-level lecture course in Physics (PHY/ JPE)""",Winter!!,"PHY224H1, PHY250H1/ PHY252H1/ PHY254H1/ PHY256H1, MAT235Y1/ MAT237Y1/ MAT257Y1."
PHY424H1,Advanced Physics Laboratory,"(3, 'Fall')!!",PHY250H1;PHY256H1;PHY324H1,,,,"Fall!!,Winter!!","PHY250H1, PHY256H1, PHY324H1"
PHY426H1,Advanced Practical Physics I,"(3, 'Winter')",PHY424H1,,,,"Fall,Winter",PHY424H1
PHY428H1,Advanced Practical Physics II,"(4, 'Fall')",PHY426H1,,,,"Fall,Winter",PHY426H1
PHY429H1,Advanced Practical Physics III,"(4, 'Winter')",PHY428H1,,,,"Fall,Winter",PHY428H1
PHY431H1,Topics in Biological Physics,"(3, 'Winter')",PHY250H1;(PHY252H1/CHM222H1(unaccounted));PHY331H1,,,,Winter,"PHY250H1, PHY252H1/ CHM222H1, PHY331H1"
PHY450H1,Relativistic Electrodynamics,"(4, 'Winter')",PHY350H1;PHY354H1,,,,Winter,"PHY350H1, PHY354H1"
PHY452H1,Statistical Mechanics,"(3, 'Winter')",PHY252H1;PHY356H1,,,,Winter,"PHY252H1, PHY356H1"
PHY454H1,Continuum Mechanics,"(3, 'Winter')",PHY254H1;(APM346H1/APM351Y1(unaccounted)),,,,Winter,"PHY254H1, MAT235Y1/MAT237Y1/MAT257Y1, APM346H1/APM351Y1"
PHY456H1,Quantum Mechanics II,"(4, 'Fall')!!",PHY356H1,,,,Fall!!,PHY356H1
PHY460H1,Nonlinear Physics,"(4, 'Fall')",PHY354H1,,,,Fall,PHY354H1
PHY471Y1,Supervised Study in Physics,"(2, 'Fall-Winter')",,,,Note: Need undergrad chair permission,Fall-Winter,Consult the Physics Associate Chair (Undergraduate Studies).
PHY472H1,Supervised Study in Physics,"(1, 'Winter')",,,,Note: Need undergrad chair permission,"Fall,Winter",Consult the Physics Associate Chair (Undergraduate Studies).
PHY478H1,Undergraduate Research Project,"(1, 'Winter')",,,,Note: Need undergrad chair permission,"Fall,Winter",Consult the Physics Associate Chair (Undergraduate Studies)
PHY479Y1,Undergraduate Research Project,"(2, 'Fall-Winter')",,,,Note: Need undergrad chair permission,Fall-Winter,Consult the Physics Associate Chair (Undergraduate Studies)
PHY483H1,Relativity Theory I,"(4, 'Fall')",PHY354H1,,,,Fall,PHY354H1
PHY484H1,Relativity Theory II,"(4, 'Winter')!!",PHY483H1,,,,Winter!!,PHY483H1
PHY485H1,Laser Physics,"(4, 'Winter')",PHY350H1;PHY356H1;(PHY385H1/ECE318H1(unaccounted)),,,,Winter,"PHY350H1, PHY356H1, PHY385H1/ ECE318H1"
PHY487H1,Condensed Matter Physics,"(4, 'Fall')",PHY250H1;PHY252H1;PHY356H1,,,,Fall,"PHY250H1, PHY252H1, PHY356H1"
PHY489H1,Introduction to High Energy Physics,"(4, 'Fall')",PHY356H1,,,,Fall,PHY356H1
PHY491H1,Current Interpretations of Quantum Mechanics,"(4, 'Winter')",PHY456H1,,,,Winter,PHY456H1
PHY492H1,Advanced Atmospheric Physics,"(3, 'Fall')",PHY224H1;(PHY250H1/PHY252H1/PHY254H1),,,,Fall,"PHY224H1, PHY250H1/ PHY252H1/ PHY254H1, MAT235Y1/ MAT237Y1/ MAT257Y1"
STA130H1,An Introduction to Statistical Reasoning and Data Science,"(1, 'Winter')!!",,,"STA220H1,STA255H1,STA238H1,STA248H1,STA261H1,ECO220Y1,ECO227Y1",*Note: the corequisite may be completed either concurrently or in advance,"Fall!!,Winter!!",
STA197H1,Thinking Better with Statistics,"(2, 'Fall')!!",,,,,Fall!!,
STA198H1,Probabilities Everywhere,"(1, 'Winter')!!",,,,,Winter!!,Grade 12 Mathematics
STA199H1,Statistical Evidence: Truth or Myth?,"(1, 'Winter')!!",,,,,Winter!!,
STA201H1,Why Numbers Matter,"(2, 'Fall')",,,"MAT133Y1,MAT135H1,MAT136H1,MAT137Y1,MAT157Y1",,Fall,
STA220H1,The Practice of Statistics I,"(1, 'Winter')!!",,,"ECO220Y1,ECO227Y1,GGR270H1,IRW220H1,PSY201H1,SOC202H1,STA261H1,STA238H1,STA248H1,STA288H1,EEB225H1",,"Fall!!,Winter!!",
STA221H1,The Practice of Statistics II,"(2, 'Winter')!!",STA220H1/STA288H1/PSY201H1(unaccounted)/GGR270H1(unaccounted)/EEB225H1(unaccounted),,"ECO220Y1,ECO227Y1,GGR270Y1,PSY202H1,SOC202H1,SOC252H1,STA261H1,STA248H1",,Winter!!,STA220H1/ STA288H1/ PSY201H1/ GGR270H1/ EEB225H1/ STAB22H3/ STA220H5
STA237H1,"Probability, Statistics and Data Analysis I","(2, 'Fall')!!",,,"STA247H1,STA255H1,STA257H1,ECO227Y1,MAT370H1",*Note: the corequisite may be completed either concurrently or in advance,Fall!!,"(MAT135H1, MAT136H1)/ MAT137Y1/ MAT157Y1/ (MATA30H3, MATA36H3)/ (MATA31H3, MATA37H3)/ (MAT135H5, MAT136H5)/ MAT137Y5/ MAT157Y5"
STA238H1,"Probability, Statistics and Data Analysis II","(2, 'Winter')!!",STA237H1/STA247H1(unaccounted)/STA257H1,,"ECO220Y1,ECO227Y1,GGR270H1,PSY201H1,SOC300H1,SOC202H1,SOC252H1,STA220H1,STA221H1,STA255H1,STA248H1,STA261H1,STA288H1,EEB225H1",*Note: the corequisite may be completed either concurrently or in advance,Winter!!,STA237H1/ STA247H1/ STA257H1/ STAB52H3/ STA256H5
STA255H1,Statistical Theory,"(2, 'Winter')!!",(STA220H1/STA288H1),,"ECO227Y1,STA237H1,STA238H1,STA257H1,STA261H1,STA247H1,STA248H1",note: ECO220Y1 may be taken as a co-requisite,Winter!!,"STA220H1/ STA221H1/ STA288H1/ ECO220Y1 (note: ECO220Y1 may be taken as a co-requisite)/ STAB22H3/ STA220H5/ ECO220Y5; MAT133Y1 (70%)/ (MAT135H1, MAT136H1)/ MAT137Y1/ MAT157Y1/ (MATA32H3 (70%), MATA33H3 (70%))/ (MATA29H3 (70%), MATA35H3 (70%))/ (MATA30H3, MATA36H3)/ (MATA31H3, MATA37H3)/ MAT133Y5 (70%)/ (MAT132H5 (70%), MAT134H5 (70%))/ (MAT135H5,MAT136H5)/ MAT137Y5/ MAT157Y5"
STA257H1,Probability and Statistics I,"(2, 'Fall')",,,"ECO227Y1,STA237H1,STA247H1,MAT370H1,MAT377H1",,Fall,"MAT137Y1/ MAT157Y1/ (MATA31H3, MATA37H3)/ MAT137Y5/ MAT157Y5"
STA261H1,Probability and Statistics II,"(2, 'Winter')",STA257H1,,"ECO227Y1,STA238H1,STA248H1",,Winter,STA257H1/ STAB52H3/ STA256H5
STA288H1,Statistics and Scientific Inquiry in the Life Sciences,"(1, 'Winter')",BIO230H1(unaccounted)/BIO255H1(unaccounted),,"STA220H1,PSY201H1,GGR270H1,ECO220Y1,ECO227Y1,SOC202H1,EEB225H1,HMB325H1,STA238H1,STA248H1,STA261H1,PCL376H1",,Winter,BIO230H1/BIO255H1
STA299Y1,Research Opportunity Program,"(2, 'Fall-Winter')",,,,,Fall-Winter,
STA302H1,Methods of Data Analysis I,"(3, 'Fall')!!",(STA238H1/STA248H1(unaccounted)/STA255H1/STA261H1/ECO227Y1(unaccounted)),,,,"Fall!!,Winter",STA238H1/ STA248H1/ STA255H1/ STA261H1/ ECO227Y1/ STAB57H3/ STA258H5/ STA260H5/ ECO227Y5; CSC108H1/ CSC110Y1/ CSC120H1/ CSC148H1/ CSCA08H3/ CSCA20H3/ CSCA48H3/ CSC108H5/ CSC148H5; MAT223H1/ MAT224H1/ MAT240H1/ MATA22H3/ MATA23H3/ MAT223H5/ MAT240H5/ MATB24H3/ MAT224H5
STA303H1,Methods of Data Analysis II,"(3, 'Winter')",STA302H1,,,,Winter,STA302H1/STAC67H3/STA302H5
STA304H1,"Surveys, Sampling and Observational Data","(3, 'Fall')",ECO227Y1(unaccounted)/STA255H1/STA261H1/STA248H1(unaccounted)/STA238H1,,,,"Fall,Winter!!",ECO227Y1/ STA255H1/ STA261H1/ STA248H1/ STA238H1/ STAB57H3/ STA258H5/ STA260H5/ ECO227Y5
STA305H1,Design and Analysis of Experiments,"(3, 'Winter')",STA302H1,,,,Winter,STA302H1/STAC67H3/STA302H5
STA313H1,Data Visualization,"(3, 'Fall')!!",(STA238H1/STA248H1(unaccounted)/STA261H1/ECO227Y1(unaccounted)),,,,Fall!!,CSC108H1/ CSC110Y1/ CSC120H1/ CSC148H1; STA238H1/ STA248H1/ STA261H1/ ECO227Y1
STA314H1,Statistical Methods for Machine Learning I,"(4, 'Fall')!!",STA302H1,,"CSC411H1,CSC311H1",,Fall!!,"STA302H1/ STA302H5/ STAC67H3; CSC108H1/ CSC110Y1/ CSC120H1/ CSC148H1/ CSCA08H3/ CSCA48H3/ CSCA20H3/ CSC108H5/ CSC148H5; MAT223H1/ MAT224H1/ MAT240H1/ MATA22H3/ MATA23H3/ MAT223H5/ MAT240H5/ MATB24H3/ MAT224H5; MAT235Y1/ MAT237Y1/ MAT257Y1/ (MATB41H3, MATB42H3)/ (MAT232H5, MAT236H5)/ (MAT233H5, MAT236H5)"
STA347H1,Probability,"(3, 'Fall')",(STA247H1(unaccounted)/STA255H1/STA237H1/STA257H1/ECO227Y1(unaccounted)),,"MAT370H1,MAT377H1","('are ', '')","Fall,Winter!!","STA247H1(70%)/ STA255H1(70%)/ STA237H1(70%)/ STA257H1/ ECO227Y1/ STAB52H3/ STA256H5; MAT223H1/ MAT224H1/ MAT240H1/ MATA22H3/ MATA23H3/ MAT223H5/ MAT240H5/ MATB24H3/ MAT224H5; MAT235Y1/ MAT237Y1/ MAT257Y1/ (MATB41H3, MATB42H3)/ (MAT232H5, MAT236H5)/ (MAT233H5, MAT236H5) (Note: STA257H1, MAT223H1/MAT240H1, MAT237Y1/MAT257Y1 are very strongly recommended)"
STA355H1,Theory of Statistical Practice,"(3, 'Fall')",(STA255H1/STA248H1(unaccounted)/STA238H1/STA261H1/ECO227Y1(unaccounted)),,,,Fall,"STA255H1 (73%)/ STA248H1 (73%)/ STA238H1 (73%)/ STA261H1 (60%)/ ECO227Y1 (60%)/ STAB57H3 (60%)/ STA260H5 (60%)/ ECO227Y5 (60%); MAT235Y1/ MAT237Y1/ MAT257Y1/ (MATB41H3, MATB42H3)/ (MAT232H5, MAT236H5)/ (MAT233H5, MAT236H5); MAT223H1/ MAT224H1/ MAT240H1/ MATA22H3/ MATA23H3/ MAT223H5/ MAT240H5/ MATB24H3/ MAT224H5"
STA365H1,Applied Bayesian Statistics,"(3, 'Winter')",STA302H1,,,,Winter,STA302H1/STAC67H3/STA302H5
STA399Y1,Research Opportunity Program,"(2, 'Fall-Winter')",,,,,Fall-Winter,
STA410H1,Statistical Computation,"(3, 'Winter')",STA302H1,,,,Winter,STA302H1/ STAC67H3/ STA302H5; CSC110Y1/ CSC148H1/ CSCA48H3/ CSC148H5; MAT223H1/ MAT224H1/ MAT240H1/ MATA22H3/ MATA23H3/ MAT223H5/ MAT240H5/ MATB24H3/ MAT224H5
STA414H1,Statistical Methods for Machine Learning II,"(3, 'Winter')!!",(STA314H1/CSC411H1(unaccounted)/CSC311H1);STA302H1,,CSC412H1,,Winter!!,"STA314H1/ CSC411H1/ CSC311H1/ (STA314H5, STA315H5)/ CSCC11H3/ CSC411H5; STA302H1/ STAC67H3/ STA302H5; CSC108H1/ CSC110Y1/ CSC120H1/ CSC148H1/ CSCA08H3/ CSCA48H3/ CSCA20H3/ CSC108H5/ CSC148H5; MAT235Y1/ MAT237Y1/ MAT257Y1/ (MATB41H3, MATB42H3)/ (MAT232H5, MAT236H5)/ (MAT233H5, MAT236H5); MAT223H1/ MAT224H1/ MAT240H1/ MATA22H3/ MATA23H3/ MAT223H5/ MAT240H5/ MATB24H3/ MAT224H5"
STA437H1,Methods for Multivariate Data,"(3, 'Winter')",STA302H1,,,,"Fall,Winter",STA302H1/STAC67H3/STA302H5
STA442H1,Methods of Applied Statistics,"(4, 'Fall')",STA303H1,,,,Fall,"STA303H1/(STAC67H3, STAC51H3); CSC108H1/CSC110Y1/CSC120H1/CSC148H1/CSCA08H3/CSCA48H3/CSCA20H3/CSC108H5/CSC148H5"
STA447H1,Stochastic Processes,"(3, 'Winter')",STA347H1/MAT377H1,,,,Winter,STA347H1/MAT377H1/STAC62H3
STA450H1,Topics in Statistics,"(1, 'Winter')",,,,Prereq: 9.0 credits,Winter,9.0 credits
STA452H1,Mathematical Statistics I,"(4, 'Fall')",((STA257H1;STA355H1)/STA347H1),,,"('', '.')",Fall,"MAT223H1/ MAT224H1/ MAT240H1/ MATA22H3/ MATA23H3/ MAT223H5/ MAT240H5/ MATB24H3/ MAT224H5; MAT235Y1/ MAT237Y1/ MAT257Y1/ (MATB41H3, MATB42H3)/ (MAT232H5, MAT236H5)/ (MAT233H5, MAT236H5); (STA257H1, STA355H1)/ STA347H1. (Note: MAT237Y1/ MAT257Y1; (MAT223H1, MAT224H1)/ MAT240H1 very strongly recommended.)"
STA453H1,Mathematical Statistics II,"(4, 'Winter')",STA452H1,,,,Winter,STA452H1
STA457H1,Time Series Analysis,"(3, 'Winter')",STA302H1,,,,"Fall!!,Winter","STA302H1/STAC67H3/STA302H5; MAT235Y1/MAT237Y1/MAT257Y1/(MATB41H3, MATB42H3)/(MAT232H5, MAT236H5)/(MAT233H5, MAT236H5)"
STA465H1,Spatial Data Analysis,"(4, 'Fall')",STA302H1;STA303H1,,,,Fall,"STA302H1/STAC67H3/STA302H5, STA303H1"
STA475H1,Survival Analysis,"(4, 'Fall')",,STA303H1,,,Fall,
STA480H1,Fundamentals of Statistical Genetics,"(4, 'Fall')",STA303H1,,,,Fall,STA303H1
STA490Y1,"Statistical Consultation, Communication, and Collaboration","(4, 'Fall-Winter')",STA303H1;(STA304H1/STA305H1),STA355H1,,"Uncleanable string: ""STA355H1; one additional 400-level STA course""",Fall-Winter,"STA303H1, STA304H1/ STA305H1"
STA492H1,Seminar in Statistical Science,"(3, 'Winter')",STA355H1,,,(Permission of instructor. An application is required to be considered for this course. Information about this special enrolment course as well as a link to the online application form is available on the Department of Statistical Sciences website. Priority will be given to students who complete the application during the priority enrolment period the summer before the course is offered and who are completing all requirements of the Specialist in Statistical Science: Theory and Methods or the Statistics Specialist that academic year.),Winter,STA355H1 (Permission of instructor. An application is required to be considered for this course. Information about this special enrolment course as well as a link to the online application form is available on the Department of Statistical Sciences website. Priority will be given to students who complete the application during the priority enrolment period the summer before the course is offered and who are completing all requirements of the Specialist in Statistical Science: Theory and Methods or the Statistics Specialist that academic year.)
STA496H1,Readings in Statistics,"(1, 'Winter')",,,"STA497H1,STA498Y1,STA499Y1","Uncleanable string: ""At least 1.0 STA credit at the 300+ level with a minimum grade of 80% in each course""","Fall,Winter,Fall-Winter",At least 1.0 STA credit at the 300+ level with a minimum grade of 80% in each course
STA497H1,Readings in Statistics,"(1, 'Winter')",,,"STA496H1,STA498Y1,STA499Y1","Uncleanable string: ""At least 1.0 STA credit at the 300+ level with a minimum grade of 80% in each course""","Fall,Winter,Fall-Winter",At least 1.0 STA credit at the 300+ level with a minimum grade of 80% in each course
ACT199H1,Decipher Financial Puzzles in the Media and Pop Culture,"(2, 'Fall')!!",,,,,Fall!!,
ACT230H1,Mathematics of Finance for Non-Actuaries,"(2, 'Fall')",,,ACT240H1,"Uncleanable string: ""First-year Calculus""",Fall,First-year Calculus
ACT240H1,Mathematics of Investment & Credit,"(2, 'Fall')",,,ACT230H1,,Fall,MAT137Y1 (minimum grade 63%)/MAT157Y1 (minimum grade 60%)
ACT245H1,Financial Principles for Actuarial Science I,"(2, 'Winter')",ACT240H1,,,,Winter,"ACT240H1, MAT137Y1 (minimum grade 63%)/MAT157Y1 (minimum grade 60%)"
ACT247H1,Introductory Life Contingencies,"(2, 'Winter')",ACT240H1;STA257H1,,,,Winter,ACT240H1; MAT137Y1 (minimum grade 63%)/MAT157Y1 (minimum grade 60%); STA257H1
ACT348H1,Life Contingencies II,"(3, 'Fall')",ACT240H1;ACT245H1;ACT247H1,(STA257H1/STA237H1),,,Fall,"ACT240H1 (minimum 63%), ACT245H1 (minimum 63%), ACT247H1 (minimum 63%)"
ACT349H1,Corporate Finance for Actuarial Science,"(3, 'Fall')",ACT240H1;ACT245H1;ACT247H1,(STA257H1/STA237H1),"ECO358H1,ECO359H1,RSM332H1,RSM333H1",,Fall,"ACT240H1 (minimum 63%), ACT245H1 (minimum 63%), ACT247H1 (minimum 63%)"
ACT350H1,Applied Probability for Actuarial Science,"(3, 'Fall')",ACT240H1;ACT245H1;ACT247H1;(STA257H1/STA237H1),,,,Fall,"ACT240H1 (minimum 63%), ACT245H1 (minimum 63%), ACT247H1 (minimum 63%), STA257H1/ STA237H1"
ACT370H1,Financial Principles for Actuarial Science II,"(3, 'Winter')",ACT240H1;ACT245H1;ACT247H1,(STA261H1/STA238H1),RSM435H1,,Winter,"ACT240H1 (minimum 63%), ACT245H1 (minimum 63%), ACT247H1 (minimum 63%)"
ACT371H1,Basic Reserving Methods For P&C Insurance,"(3, 'Fall')!!",ACT240H1;(STA257H1/STA237H1),,,,Fall!!,"ACT240H1, STA257H1/ STA237H1"
ACT372H1,Basic Ratemaking Methods For P&C Insurance,"(3, 'Winter')",ACT371H1,,,,Winter,ACT371H1
ACT390H1,Professional Experience in Actuarial Science,"(2, 'Fall')",,,,"Uncleanable string: ""Enrolment in the Actuarial Science Specialist program or by approval of the Department of Statistical Sciences.""",Fall,Enrolment in the Actuarial Science Specialist program or by approval of the Department of Statistical Sciences.
ACT391H1,Professional Internship,"(2, 'Winter')",ACT390H1,,,,"Fall,Winter",ACT390H1
ACT451H1,Loss Models,"(3, 'Fall')",(STA257H1/STA237H1);ACT240H1;ACT245H1;ACT247H1,,,,Fall,"STA257H1/ STA237H1, ACT240H1 (minimum 63%), ACT245H1 (minimum 63%), ACT247H1 (minimum 63%)"
ACT452H1,Loss Models II,"(3, 'Winter')",ACT240H1;ACT245H1;ACT247H1;(STA261H1/STA238H1);ACT451H1,,,,Winter,"ACT240H1 (minimum 63%), ACT245H1 (minimum 63%), ACT247H1 (minimum 63%), STA261H1/ STA238H1, ACT451H1"
ACT455H1,Advanced Life Contingencies,"(3, 'Winter')",ACT240H1;ACT245H1;ACT247H1;ACT348H1;(ACT350H1/STA347H1),,,,Winter,"ACT240H1 (minimum 63%), ACT245H1 (minimum 63%), ACT247H1 (minimum 63%), ACT348H1, ACT350H1/ STA347H1"
ACT460H1,Stochastic Methods for Actuarial Science and Finance,"(4, 'Fall')",ACT240H1;ACT245H1;ACT247H1;(ACT350H1/STA347H1),,,,Fall,"ACT240H1 (minimum 63%), ACT245H1 (minimum 63%), ACT247H1 (minimum 63%), ACT350H1/STA347H1"
ACT466H1,Credibility and Simulation,"(3, 'Winter')!!",ACT240H1;ACT245H1;ACT247H1;(STA261H1/STA238H1);ACT451H1,,,,Winter!!,"ACT240H1 (minimum 63%), ACT245H1 (minimum 63%), ACT247H1 (minimum 63%), STA261H1/ STA238H1, ACT451H1"
ACT470H1,Advanced Pension Mathematics,"(3, 'Winter')",,ACT455H1,,"Uncleanable string: ""ACT348H1 or permission of instructor""",Winter,ACT348H1 or permission of instructor
ACT473H1,Issues In Actuarial Practice,"(3, 'Winter')",ACT348H1;ACT349H1,,,,Winter,"ACT348H1, ACT349H1"
ACT475H1,Insurance Products and Regulation with AXIS,"(3, 'Winter')",ACT240H1;ACT245H1;ACT247H1,ACT348H1,,,Winter,"ACT240H1, ACT245H1, ACT247H1"
ACT496H1,Readings in Actuarial Science,"(2, 'Fall')",,,,,Fall,
ACT497H1,Readings in Actuarial Science,"(1, 'Winter')",,,,,Winter,
ACT498Y1,Readings in Actuarial Science,"(2, 'Fall-Winter')",,,,,Fall-Winter,
ACT499Y1,Readings in Actuarial Science,"(2, 'Fall-Winter')",,,,,Fall-Winter,
AST101H1,The Sun and Its Neighbours,"(2, 'Fall')!!",,,"AST121H1,CIV100H1,CIV101H1,CIV102H1,AST221H1",,Fall!!,
AST121H1,Origin and Evolution of the Universe,"(1, 'Winter')!!",,,"AST101H1,AST201H1,AST210H1,AST221H1,AST222H1","Uncleanable string: ""SPH4U Physics; MCB4U Calculus""",Winter!!,SPH4U Physics; MCB4U Calculus
AST198H1,Great Astronomical Issues,"(1, 'Winter')",,,AST199H1,,"Fall,Winter",
AST199H1,Astronomy at the Frontier,"(1, 'Winter')!!",,,AST198H1,,"Fall!!,Winter!!",
AST201H1,Stars and Galaxies,"(1, 'Winter')",,,"AST121H1,AST210H1,CIV100H1,CIV101H1,CIV102H1,AST221H1,AST222H1",,Winter,
AST221H1,Stars and Planets,"(2, 'Fall')!!",,,,,Fall!!,PHY132H1/ PHY152H1; MAT136H1/ MAT137Y1/ MAT157Y1
AST222H1,Galaxies and Cosmology,"(2, 'Winter')!!",AST221H1,,,,Winter!!,AST221H1/AST221H5
AST251H1,Life on Other Worlds,"(1, 'Winter')!!",,,"AST221H1,AST222H1",,Winter!!,
AST299H1,Research Opportunity Program,"(1, 'Winter')",,,,,Winter,
AST301H1,Observational Astronomy,"(2, 'Fall')",AST201H1/AST251H1,,"AST221H1,AST222H1,AST325H1,AST326Y1",,Fall,AST101H1/ AST201H1/ AST251H1
AST320H1,Introduction to Astrophysics,"(3, 'Winter')!!",(PHY252H1/PHY294H1(unaccounted));AST221H1;AST222H1,,,"Note: can skip stuff with('AST ', ';')",Winter!!,"PHY252H1/ PHY294H1/ PHY242H5/ PHYB52H3; AST221H1, AST222H1 (or equivalent AST readings; consult the instructor)"
AST325H1,Introduction to Practical Astronomy,"(3, 'Fall')!!",AST221H1;AST222H1,,AST326Y1,"Note: can skip stuff with('', ',')",Fall!!,"AST221H1, AST222H1 (or equivalent readings, consult the instructor)"
AST326Y1,Practical Astronomy,"(3, 'Fall-Winter')!!",AST221H1;AST222H1,,AST325H1,"Note: can skip stuff with('', ';')",Fall-Winter!!,"AST221H1, AST222H1 (or equivalent readings; consult the instructor)"
AST424H1,Introduction to Astrophysical Research,"(4, 'Fall-Winter')",AST320H1,,AST425Y1,,Fall-Winter,AST320H1
AST425Y1,Research Topic in Astronomy,"(5, 'Fall-Winter')",(AST320H1/AST326Y1);PHY324H1;PHY350H1;PHY354H1;PHY356H1;PHY357H1;PHY358H1;(PHY407H1/PHY408H1);PHY450H1;JPE395H1,,,"Uncleanable string: ""AST320H1, two of AST325H1/ AST326Y1, PHY324H1, PHY350H1, PHY354H1, PHY356H1, PHY357H1, PHY358H1, PHY407H1/ PHY408H1, PHY450H1, JPE395H1""",Fall-Winter,"AST320H1, two of AST325H1/ AST326Y1, PHY324H1, PHY350H1, PHY354H1, PHY356H1, PHY357H1, PHY358H1, PHY407H1/ PHY408H1, PHY450H1, JPE395H1"
AST430H1,Supervised Study in Astronomy & Astrophysics,"(1, 'Winter')",,,,"Uncleanable string: ""Minimum GPA of 3.5 in Astronomy program courses and the permission of the Undergraduate Chair and the prospective adviser""","Fall,Winter,Fall-Winter",Minimum GPA of 3.5 in Astronomy program courses and the permission of the Undergraduate Chair and the prospective adviser
AST431Y1,Supervised Study in Astronomy & Astrophysics,"(2, 'Fall-Winter')",,,,"Uncleanable string: ""Minimum GPA of 3.5 in Astronomy program courses and the permission of the Undergraduate Chair and the prospective adviser """,Fall-Winter,Minimum GPA of 3.5 in Astronomy program courses and the permission of the Undergraduate Chair and the prospective adviser 
COG260H1,"Data, Computation, and the Mind","(2, 'Fall')!!",CSC108H1,COG250Y1(unaccounted),,,Fall!!,CSC108H1/CSC148H1
CTA395Y1,Research Topic,"(2, 'Fall-Winter')",CTA200H1(unaccounted),,,"Prereq: 8.5 credits 4.0 creditsUncleanable string: ""Minimum 8.5 credits and no more than 14.0 credits, including courses in AST, CTA200H1, or permission""",Fall-Winter,"Minimum 8.5 credits and no more than 14.0 credits, including courses in AST, CTA200H1, or permission"
PLN420H1,Interdisciplinary Seminar in Planetary Science,"(2, 'Fall-Winter')",,,,,Fall-Winter,
PLN425H1,Research in Planetary Science,"(2, 'Fall-Winter')",,,,,Fall-Winter,
SMC199H1,"Intelligence, Artificial and Human","(2, 'Fall')",,,CSC199H1,,Fall,
ECO220Y1,Introduction to Data Analysis and Applied Econometrics,"(2, 'Fall-Winter')!!",((ECO101H1(unaccounted);ECO102H1(unaccounted))/ECO105Y1(unaccounted)),,"GGR270H1,PSY201H1,PSY202H1,SOC202H1,SOC252H1,STA220H1,STA221H1,STA248H1",,Fall-Winter!!,"( ECO101H1(63%),  ECO102H1(63%))/  ECO105Y1(80%)/  ECO100Y5(67%)/ ( ECO101H5(63%),  ECO102H5(63%))/ ( MGEA02H3(67%),  MGEA06H3 (67%));  MAT133Y1/ ( MAT135H1,  MAT136H1)/  MAT137Y1/  MAT157Y1"
ECO225H1,Big-Data Tools for Economists,"(2, 'Winter')!!",((ECO101H1(unaccounted);ECO102H1(unaccounted))/ECO105Y1(unaccounted)),,"CSC311H1,ESC190H1,JSC270H1,STA314H1",,Winter!!,"( ECO101H1(63%),  ECO102H1(63%))/  ECO105Y1(80%)/  ECO100Y5(67%)/ ( ECO101H5(63%),  ECO102H5(63%))/ ( MGEA02H3 (67%),  MGEA06H3 (67%));  MAT133Y1(63%)/ ( MAT135H1(60%),  MAT136H1(60%))/  MAT137Y1(55%)/  MAT157Y1(55%);  CSC108H1/  CSC110Y1/  CSC148H1"
ECO482H1,Machine Learning Applications in Macroeconomic Finance,"(3, 'Fall')!!",(ECO200Y1(unaccounted)/ECO204Y1(unaccounted)/ECO206Y1(unaccounted));(ECO202Y1(unaccounted)/ECO208Y1(unaccounted)/ECO209Y1(unaccounted));(ECO220Y1/ECO227Y1(unaccounted)/(STA237H1;STA238H1)/(STA247H1(unaccounted);STA248H1(unaccounted))/(STA257H1;STA261H1)),,"CSC311H1,STA314H1,ECO481H1","Prereq: ('', 'at least ', '', 'in ECO ', '+ ', '', '')","Fall!!,Winter!!","CSC108H1/  CSC110Y1/  CSC148H1,  ECO200Y1/  ECO204Y1/  ECO206Y1,  ECO202Y1/  ECO208Y1/  ECO209Y1,  ECO220Y1/  ECO227Y1/ ( STA237H1,  STA238H1)/ ( STA247H1,  STA248H1)/ ( STA257H1,  STA261H1), at least 1.0 credit in ECO at the 300+ level."
EEB125H1,Introductory Computation and Data Science for the Life and Physical Sciences,"(1, 'Winter')!!",,,"CSC111H1,CSC148H1,STA130H1,STA238H1,STA248H1,STA261H1,GGR274H1",,Winter!!,
EEB313H1,Quantitative Methods in R for Biology,"(2, 'Fall')!!",BIO220H1(unaccounted);(EEB225H1(unaccounted)/STA288H1/STA220H1),,"STA130H1,PSY305H1",,Fall!!,"BIO220H1,  EEB225H1/ STA288H1/ STA220H1"
ENG286H1,Literature and Data,"(2, 'Fall')!!",,,"CSC111H1,CSC148H1,STA130H1,STA238H1,STA248H1,STA261H1,GGR274H1,EEB125H1","Prereq: 4.0 creditsUncleanable string: ""1.0 ENG credit or any 4.0 credits""",Fall!!,1.0 ENG credit or any 4.0 credits
ENG287H1,The Digital Text,"(1, 'Winter')!!",,,,"Prereq: 4.0 creditsUncleanable string: ""1.0 ENG credit or any 4.0 credits""",Winter!!,1.0 ENG credit or any 4.0 credits
ENV338H1,Environmental Research Data and Decision-making,"(2, 'Fall')!!",ENV222H1(unaccounted),,,"Prereq: 8.0 creditsUncleanable string: ""Completion of 8.0 credits including  ENV221H1/ ENV222H1 and  ENV223H1. Students who do not meet the prerequisites are encouraged to contact the Undergraduate Associate Director.""",Fall!!,Completion of 8.0 credits including  ENV221H1/ ENV222H1 and  ENV223H1. Students who do not meet the prerequisites are encouraged to contact the Undergraduate Associate Director.
ESS245H1,Computational Geology,"(2, 'Winter')",MAT198H1;MAT199H1;PHY196H1;PHY197H1;PHY198H1;PHY199H1,,ESS345H1,"Uncleanable string: ""1.0 credit from first-year math, or physics courses except  MAT193H1,  MAT198H1,  MAT199H1,  PHY196H1,  PHY197H1,  PHY198H1,  PHY199H1""",Winter,"1.0 credit from first-year math, or physics courses except  MAT193H1,  MAT198H1,  MAT199H1,  PHY196H1,  PHY197H1,  PHY198H1,  PHY199H1"
GGR272H1,Geographic Information and Mapping I,"(1, 'Winter')!!",,,,,"Fall!!,Winter!!",
GGR274H1,Introductory Computation and Data Science for the Social Sciences,"(1, 'Winter')!!",,,"CSC111H1,CSC148H1,STA130H1,STA238H1,STA248H1,STA261H1,EEB125H1",,Winter!!,
GGR375H1,Introduction to Programming in GIS,"(2, 'Fall')",GGR274H1,,GGR386H1,"Prereq: 8.0 creditsUncleanable string: ""8.0 credits including  GGR272H1/  GGR274H1""",Fall,8.0 credits including  GGR272H1/  GGR274H1
GGR376H1,Geovisualization,"(2, 'Fall')",GGR274H1,,GGR386H1,"Prereq: 8.0 creditsUncleanable string: ""8.0 credits including  GGR272H1/  GGR274H1""",Fall,8.0 credits including  GGR272H1/  GGR274H1
GGR377H1,Introduction to Urban Data Analytics,"(2, 'Fall')!!",,,,Prereq: 8.0 credits,Fall!!,8.0 credits
GGR472H1,Developing Web Maps,"(1, 'Winter')",,,,"Prereq: 0.0 creditsUncleanable string: ""10.0 credits including  GGR272H1 and one of  GGR273H1 or  GGR274H1""",Winter,10.0 credits including  GGR272H1 and one of  GGR273H1 or  GGR274H1
NMC268H1,Data Science Applications in Archaeology,"(2, 'Fall')",,,,"Prereq: ('', '', 's', '', '-', '', '')",Fall,3.0 credits at the 100-level.
PCJ260H1,"Introduction to Peace, Conflict and Justice I","(1, 'Winter')",,,,Prereq: 4.0 credits,Winter,4.0 credits
PSY305H1,The Treatment of Psychological Data,"(3, 'Winter')!!",PSY202H1(unaccounted)/ECO220Y1/SOC252H1(unaccounted)/STA221H1,,EEB313H1,,Winter!!,PSY202H1/  ECO220Y1/  SOC252H1/  STA221H1/  ECO220Y5/  PSY202H5/  STA221H5/  PSYC08H3/  STAB27H3/  STAC32H3
RSM371H1,Data and Information Management for Business Analytics,"(2, 'Fall')",CSC108H1,,RSM312H1,,Fall,CSC108H1
RSM384H1,Sports Analytics,"(3, 'Fall')!!",ECO220Y1/ECO227Y1(unaccounted)/(STA220H1;STA255H1)/(STA237H1;STA238H1)/(STA257H1;STA261H1),,RSM314H1,,Fall!!,"ECO220Y1/​ ECO227Y1/​( STA220H1,  STA255H1)/( STA237H1,  STA238H1)/( STA257H1,  STA261H1)"
